dpql_3252	Which island in Kent is the second largest of England's isles?
qb_1191	‘The Night of the Long Knives’ refers to which leader eliminating many of his political enemies?
sfq_23625	What viral disease is also called infectious parotitis?
bt_239	Which Oscar winning song came from the film Pocahontas
qg_2648	Author Alex Haley, born on Aug 11, 1921, wrote what epic story of his family origins, later to be made a rather popular mini-series?
jp_3747	What Swedish city is connected to Copenhagen via a bridge?
jp_4292	What company makes Big Red and Juicy Fruit gum?
qb_6622	Blaze, Bubble and Shootout are all terms used in which card game?
wh_710	"What disease do the French call ""la Rage""?"
sfq_6456	The Fitzwilliam Museum is in which British town or city?
odql_5896	What name is given to a line on a map joining places of equal rainfall?
bb_4965	Petroliam Nasional Berhad, the huge Malaysian gas/oil corporation gave its abbreviated name to what world-leading Kuala Lumpa landmark?
dpql_4129	Who got to no. 3 in the UK charts with ‘You’re So Vain’ in 1972?
wh_2485	The lack of which vitamin caused scurvy in the early days of the Navy ?
qb_4163	What is the second event of a men’s decathlon?
sfq_14380	In Greek mythology which of the Olympian gods was the goddess of fertility, agriculture, horticulture, grain and harvest?
qb_8267	United Nations Day is celebrated during which month of the year?
bb_1567	At what fret are found the same notes as the open strings, but an octave higher, on a standard guitar?
qg_517	How many points on the maple leaf that plays such a significant role in the flag of our neighbor to the north, Canada?
odql_724	Which film about a submarine had as one of its stars Denzil Washington, whose character had violent disagreements with his Captain played by Gene Hackman?
qw_8638	What amateur rowing club based at Henley on Thames, England, was founded in 1818?
qw_6572	Project SCORE, the worlds first communications satellite, was launched when?
dpql_647	To whom is Gwyneth Paltrow married?
qb_4949	‘The Queen was in the parlour eating bread and honey’ in which nursery rhyme?
bb_4028	Anaphylaxis is what sort of life-threatening illness?
qg_4107	What cocktail typically consists of 3 parts vodka, 1 part apple schnapps, and 1 part cointreau?
wh_3648	In the acronym REM, which describes stage of sleep during which dreams occur, for what does the R stand ?
sfq_5799	What colour was The Chillingham Bull?
tc_56	What claimed the life of singer Kathleen Ferrier?
dpql_5360	Which king’s beloved son William was drowned in the tragedy of the White Ship?
odql_424	Who wrote the plays 'The Real Inspector Hound' and 'Arcadia'?
sfq_7438	In which constituency did Shirley Williams become the first elected MP for the SDP?
qz_1453	What is the largest city in Turkey?
bb_403	What number has the square root (to the nearest four decimal places) of 1.4142? 1; 2; 3; or 4?
qw_16018	Who was the youngest person to become president of the USA?
qz_6079	Which method of painting consists of applying pigment to wet plaster?
qb_6527	How often does a national census take place in Britain?
dpql_2271	What is a ‘mullet’ on a coat of arms?
sfq_4865	Who said that there are only three true sports, bullfighting, mountaineering and motor racing, the rest are merely games?
sfq_3840	Which Irish politician was known as 'The Liberator'?
sfq_20499	The A57 road runs from Liverpool to which English town or city?
jp_3505	"What country's film industry is called ""Nollywood""?"
qw_1239	In which US state are the Catskill Mountains?
odql_7079	Ned Sherrin presented which Radio 4 programme from 1986 until 2006?
sfq_23493	Josiah Bartlet was a central character in which U.S. TV drama series?
odql_877	In which sport may a 'Mulligan' be awarded?
qg_2042	The 1999 Spike Lee film Summer of Sam focuses on the crimes of what famous serial killer?
qw_13276	"Which US president was behind ""The Indian Removal Act"" of 1830, which paved the way for the reluctant and often forcible emigration of tens of thousands of American Indians to the West?"
odql_525	‘The Road Back’ is the sequel to which novel by Erich Maria Remarque published in 1929?
qw_181	In which country did Queen Isabella secure the throne when her opponents (Carlists) were defeated in 1868, following a civil war between those who wanted a king and those who wanted a queen?
qw_14800	"One of Australia's oldest and most important industrial disputes and the subject of Henry Lawson's poem ""Freedom on the Wallaby"", in 1891 brought central Queensland to the brink of civil war. What group of people was involved?"
tc_561	Where in Canada is the Lion's Gate bridge?
qw_15086	Quitline is a system of centres to help people to quit what?
qw_15489	"BAFTA winning film ""The Theory of Everything"" is adapted from which book?"
qb_4220	Who succeeded Alf Ramsey as England (caretaker) football manager in 1974?
qb_3103	Adam Richman takes on food challenges in which US television series?
bb_9192	In which US city is the 1974 film Towering Inferno set?
odql_9756	Who was Richard Nixon's Democratic opponent in the 1968 US Presidential campaign?
sfq_7325	"What was the sequel to 'Tom Brown's Schooldays""?"
qw_7714	What is the name of the art form where objects are glued to, usually, a piece of paper or canvas?
bb_8401	What merchant bank collapsed in 1995 due to unauthorised debts accumulated by trader Nick Leeson?
qw_13616	The oldest still operating national parliament in Europe governs which country?
qb_5175	In the Star Wars series of films what is the name of the slug-like alien who had a bounty on Han Solo, who owed him money for dumping an illegal cargo?
bb_4020	What US term is a cocktail of spirit and fizzy mixer/water and ice, and slang verb for travel fast?
bb_196	A sequence of numbers beginning 0, 1, in which each number is the sum of the previous two numbers is named after what Italian mathematician who devised the system?
qw_7374	Who was the first female artist to have a #1 album in the USA and the UK simultaneously?
sfq_7703	Which team opposed Bolton Wanderers in the 1923 'White Horse' F.A.Cup Final at Wembley?
sfq_18541	Who played the Riddler in the original Batman TV series?
qw_8039	"In which song does the singer sing about ""the way you wear your hat, the way you sip your tea"", and ""the way you hold your knife, the way we danced till three""?"
qb_2589	The meibomian gland is found in which part of the human body?
sfq_14649	The sea between Australia and New Zealand is named after an explorer of what nationality?
qb_916	Who wrote the 1963 novel ‘The Spy Who Came in From the Cold’?
bt_2628	What 1996 film was about a group of drug taking misfits in Edinburgh
odql_10852	The Wolfe Noel Cup is awarded to the winners of the woman's challenge match the USA v Great Britain at which sport?
sfq_3502	How is Marie Grosholz, born in Strasbourg in 1761, known today due to an establishment founded in London in 1835?
sfq_17520	Which river rises in Huyton and meets the coast at Hightown?
sfq_7366	John Chapter 11 Verse 35 is the shortest verse in the Bible. How many words make up the verse?
bt_3601	Why was the 1967 R.A.C. Rally not staged
sfq_17002	The Washington Post reporters, Carl Bernstein and Bob Woodward, wrote an account of the Watergate scandal, published in 1974. What was the book called?
tb_1385	The 1827 Battle of Navarino in which the Ottoman/Egyptian armada was destroyed by a combined British, French and Russian navy is notable for being the last battle to be fought with sailing ships. It is a conflict in the war of independence of which country?
wh_2003	Formula 1 - On which racetrack was the World Champion Ayrton Senna killed?
wh_781	Which was the earliest London underground line?
sfq_19304	What name is given to the curve seen at the surface of a liquid, particularly in a narrow tube?
qf_220	What was the name of the compere on the TV show 'Take Your Pick'?
qf_3084	In 'Scarface' which character was played by Al Pacino?
bb_1323	An alkali turns red litmus paper what colour/color?
qf_1931	The song 'Everybody's Talkin' by Nilsson, featured in which film?
sfq_17657	What is added to white wine to make a Kir?
qb_4719	In the human body, which pigment is primarily responsible for the colour of skin?
bb_4195	What characteristic of Borneo ranks it among the largest five globally?
wh_1647	In which book of the Old Testament does the destruction of the walls of Jericho occur?
qw_1983	What is the name of the world's largest church, that was begun in 1450, finished in 1600 and consecrated by Pope Urban XIII in 1626?
qg_808	What is the lowest level of the Earth's atmosphere?
bb_2266	What is the darkly common name for the plague which killed 30-50% of Europe between 1347-52?
bb_7071	What plant was traditionally cultivated in Europe for its unique blue dye?
tc_1179	Which Joan's career revived in Whatever Happened to Baby Jane?
sfq_8288	Which British Prime Minister was born in Portsmouth in 1912?
bb_5125	Name the four terrestrial planets of the Solar System?
tc_1181	Which much-loved actor won the Best Actor Oscar for The Philadelphia Story?
dpql_6084	Which Swiss tennis player won the men’s singles title at the 2014 Australian Open?
qw_6834	The capital of Brazil was moved from Rio de Janeiro to the purpose-built capital city of Brasilia in what year?
dpql_971	Amanuensis is an archaic word for what profession?
qz_4575	Which dancer has only one notable film cameo, appearing with Sean Connery in the 1979 movie The First Great Train Robbery, breaking into a guarded station office.
bb_5241	Which historically contested region did Russia annexe from Ukraine in February 2014?
sfq_9523	Which is the smallest country in area in mainland Africa?
qf_3745	Who said sex is a bad thing it rumples the clothes?
odql_776	Which film, released in 2008, and starring Ryan Reynolds and Rachel Weisz, shares its title with an album released by 'Oasis' in 1994?
odql_10652	Which company made the 'Tigra' model of car?
qw_8418	What is the favourite drink of a vampire?
jp_2839	Dolly, the first clone, was what type of animal?
bt_3259	In which Falklands engagement did Colonel H Jones win his VC
sfq_18839	Which sculptor's works include St Michael's Victory over the Devil at Coventry Cathedral and Jacob and the Angel?
bt_726	Who was the owner of Mirror Group newspapers who misused the pension fund
qw_6435	In 1848, Mexico ratified the Treaty of Guadalupe Hidalgo, officially ceding what to the USA?
bb_9453	At the time of the northern solstice, the sun is directly over which line of latitude around the Earth?
sfq_21713	Which folk singer and activist who died in 2014 aged 94 years co-wrote the songs Where Have All The Flowers Gone, If I had a Hammer and adapted the song Turn, Turn, Turn from the Book of Ecclesiastes?
sfq_1323	Which shocking fish is also known as a torpedo?
wh_431	Which country is bordered by Latvia to the north, Ukraine to the south, and Poland to the west?
qw_14862	Redfoo and Sky Blu were members of which electronic rock band?
odql_113	From which film, for which Chaplin film wrote the music, did Petula Clark have a Number One with 'This Is My Song'?
bb_7279	Who became Lord Mayor of London in 1397?
sfq_472	Who was the only person to win the BBC TV Sports Personality of the Year twice during the 1990's - in 1994 and 1996?
sfq_20243	Who was the only female candidate in the 2010 Labour leadership contest?
qw_10929	"The song ""I Could Be So Good For You"" was from which British TV series?"
qw_4463	Who discovered the two moons of Mars in 1877?
bb_6124	Technically lugumes/beans, cereals and nuts are defined as what category of foodstuff?
qz_6264	The Bull is the village pub in an everyday tale of country folk. In which village is The Bull?
bb_9418	What would you find at 1600 Pennsylvania Avenue, Washington?
wh_4092	What's the name of the intelligent talking horses in Swift's Gulliver's Travels ?
jp_1567	What is stevia a substitute for?
wh_2692	Which entertainer was known as ' The Brazilian Bombshell ' ?
bb_1412	The Japanese musical instrument the shamisen (or samisen or sangen) has traditionally how many strings (the answer, in Japanese and the earlier Chinese, is in the name)?
wh_3326	Which geological period came between the Triassic and Cretaceous periods?
qb_9149	Who played the title role in the 1951 film ‘Captain Horatio Hornblower RN’?
jp_1725	In Greek legend, who opened a box containing all evil?
qg_1555	May 28, 1998 saw the death of what Saturday Night Live alum, and voice of Lionel Hutz and Troy McClure on The Simpsons, who was shot while he slept by his wife Brynn Omdahl?
qw_14981	Omar Sharif played the title character in the 1965 film of what 1957 novel by the Russian writer Boris Pasternak?
qw_11432	The islands called the Moluccas were previously known as what?
dpql_5222	Who wrote the 1982 novel, ‘The Prodigal Daughter’?
jp_3278	What kind of bean is used to make tempeh?
qw_7195	"In the films ""Batman Forever"" (1995) and ""Batman & Robin"" (1997) who was Bruce Wayne's ward?"
qz_3152	Who is Arthur Wellesley better known as?
qf_2755	From which wood is a cricket bat traditionally made?
sfq_8018	The songs 'My Funny Valentine' and 'The Lady is a Tramp' were first featured in which Rodgers & Hart musical?
sfq_15663	The 27 episodes of which sitcom featuring Julia Mckenzie, Anton Rodgers and Ballard Berkley were first broadcast in the 1980s?
sfq_2723	Which shipyard built the 'Titanic'?
sfq_20945	The first session of the United Nations General Assembly was convened in January 1946, in which city?
bt_1131	Which national airline announced it had gone bankrupt on November 7
odql_15122	Which tennis player born in 1969 won 22 Grand Slam singles titles and Olympic Gold in 1988?
qg_271	January 23 saw the anniversary of the introduction of the Apple Macintosh. In what year did this event happen?
sfq_13946	Who made the 1995 album 'Jagged Little Pill' which sold 33 million copies?
dpql_3433	Which kiddies story book character is called Oui Oui in France?
wh_522	"What traditional herb is used in a ""Margharita"" pizza ?"
odql_7293	What was the name of the character played by Ralph Fiennes in 'Schindler's List'?
sfq_23936	In which country are the wine producing regions Huasco Valley and Choapa Valley?
bt_2410	Which European city was the venue for the first three World Athletic Championships
bb_7730	Chrometophobia is an irrational fear of what?
bb_4705	Kremlin in Russia technically means?
bb_7450	Who wrote and had a hit with the instrumental Classical Gas?
sfq_9507	Who, in the Bible, was the eldest son of Isaac?
tc_1442	Who's home runs record did Mark McGwire break in the 1998 season?
qg_3186	What magician-turned-actor portrayed a recurring role as a trickster on a few episodes of TV's Cheers before landing a job as a judge?
qb_483	Which year saw the only hijacking of a British commercial flight?
sfq_25215	Marc Bolland has announced that he is to stand down as Chief Executive of which Major High Street Store?
sfq_15075	What is the name of the agreement under which passport controls have been abolished in 22 EU and 4 non-EU states?
tc_1183	Which legendary dancer was Oscar-nominated for The Towering Inferno?
sfq_2494	As what are the islands previously known as the Danish West Indies now known?
qg_2156	What Latin phrase, which translates to English as "for this", is taken to mean something designed for a specific problem or task?
sfq_735	Which famous novelist also wrote under the pseudonym Richard Bachman?
qw_7014	What compete at the Burghley Trials, Badminton, the Rolex Kentucky Three Day, the Adelaide Trials, the Luhmhlen Trials and the toiles de Pau?
qb_468	What is a positively charged ion called?
qg_2066	Luminol, a chemical that exhibits chemiluminescence, is often used by forensic examiners to try and detect trace amounts of what?
sfq_2312	In darts, what is the highest possible checkout with three darts, finishing with a double?
sfq_15821	Who was Pope during most of the 1914-18 Great War, succeeding Pius X in September 1914?
qz_860	What is the name of Kevin the teenager's friend played by Kathy Burke in a series of sketches with Harry Enfield?
bb_8893	What is the furcula of a bird more commonly called?
qw_12647	"Up to 1974, the title of ""Negus"" was used for the traditional rulers of what country?"
jp_4278	What hill does a bill sit on before it becomes a law?
tb_1235	The 1938 work The Black Jacobins by C. L. R. James is an account of what upheaval that took place between 1791 and 1804?
dpql_216	Which is the highest position in the Metropolitan Police?
dpql_1404	Which commission was set up to investigate the assassination of JFK?
sfq_8782	Espiritu Santo is the largest island of which island republic?
bt_1215	Who played Clayton Farlowe in Dallas
qg_3384	In Norse mythology, what group of female figures decides who lives and dies during battle, and then transports half of the dead to Valhalla?
qw_8009	"In the United Kingdom, what is ""The Solent""?"
tb_1738	Washington Irving's classic story Rip Van Winkle is set in which geographic region of New York state?
sfq_12871	What is added to a martini to make a 'Bronx' cocktail?
qb_4863	In fashion, Hobble, Pencil and Dirndl are all types of what?
sfq_3322	What is the meaning of the Arabic word 'Hezbollah', the Shi'ite Muslim group?
sfq_11239	Yigal Amir assassinated whom in 1995?
qw_1016	What is prussic acid, found in bitter almonds and laurel leaves, also known as?
wh_3836	What was the surname of the 19th president of the USA who had the first christian name Rutherford ?
qb_2551	The roe of lumpfish is used as a substitute for which delicacy?
qb_4528	In which country was the 2006 FIFA World Cup held?
qb_4901	Confederatio Helvetica was the former name of which modern-day country?
sfq_7787	Who narrated the BBC television production of Paddington?
qg_4446	Because he held the earth on his shoulders, for what Greek figure did Gerardus Mercator name his book of maps?
sfq_22341	What is the surname of the TV sibling characters Chris, Meg and Stewie (and pet Brian)?
qw_6281	What was the Mississippi State Penitentiary formerly called?
qw_555	In the 1960s, Margaret Rutherford starred in four films as which famous detective?
tc_725	What is Mel Gibson's middle name?
tb_409	"Commenting on the death of screenwriter Ruth Prawer Jhabvala in April 2013, which film company issued the statement ""The passing of our two-time Academy Award winning screenwriter is a significant loss to the global film community.""?"
qg_1652	Based on market cap, who was declared the top technology company this week, stopping Microsoft's nearly 20 year run on top?
odql_12481	Who is the twin sister of Sebastian in Shakespeare's Twelfth Night?
sfq_3627	Who was the former wife of war hero Leonard Cheshire who founded, in 1953, a charitable organisation with the emphasis on care homes and hospices?
qb_936	What is the title of the 1996 Oscar-winning documentary about the Muhammad Ali and George Foreman 1974 ‘Rumble in the Jungle’ fight in Zaire?
qg_720	What sport is known as “the sport of kings”?
tb_2199	"Sportscaster Jack Brickhouse who once said ""Any team can have a bad century"" provided play-by-play coverage of what American major league team's games from 1948 to 1981?"
sfq_16348	Which British motorcycle manufacture produced models called 'Bonneville' and 'Thunderbird'?
sfq_4039	What is the name of the semi-fluid, clarified butter used in Indian cookery?
dpql_5408	Which was the first Liverpool group to top the UK chart?
qf_1667	Which is the largest in area - The Sahara Desert or Australia?
qw_3195	What is an astronomical event that occurs when one celestial object moves into the shadow of another?
jp_3148	What musician formed a singing duo with Art Garfunkel in 1963?
sfq_4717	What does the term 'Halal' literally mean? As in Halal meat eaten by Muslims.
odql_2332	Who founded the TV production company 'David Paradine Productions'?
qb_1429	Rodolfo and Mimi are the main characters in which opera by Giacomo Puccini?
jp_1928	What brand name are Chuck Taylor sneakers sold under?
qf_345	Gene Hackman played the sheriff of Big Whiskey and received an Oscar in which 1992 film?
jp_2673	Who would do anything for love (but not that)?
bb_3778	In music theory what is the relative minor chord of C major?
sfq_1303	Name the Archbishop of Canterbury who was burnt at the stake in 1556?
sfq_23449	Where did the first battle of the English Civil War take place?
wh_4387	What is Koo Stark's real first name ?
qf_1366	Can you name the singer of the title track in '1995 - GoldenEye'?
qb_6828	What is the young of a hawk called?
qz_1918	Buddy Holly and the Big Bopper were two of the three musicians who died in a plane crash in February 1959. Who was the other one?
bb_4319	A polygraph is more popularly called a?
odql_3066	Which post was held by Dame Eliza Manningham-Buller from 2002 to 2007?
odql_9968	Associated with salmon fishing and whisky production, which is the second longest river in Scotland?
tb_901	The Frenchman Jean Robert-Houdin (1805-1871) is credited with formalizing what form of entertainment?
qg_4434	What online travel agency uses The Roaming Gnome as its' TV spokesperson?
qg_1309	At what 1876 battle was the US Army's 7th Cavalry wiped out to a man, leaving only a horse, Comanche, alive?
odql_10315	For which group did Jimmy Page, and John Paul Jones play before they formed 'Led Zepplin'?
sfq_20692	What is the more familiar name for the aromatic gum resin olibanum?
sfq_23900	"Which character did Robert De Niro portray in the film ""Taxi Driver"""
odql_2571	"Which nation's record in the final of football's World Cup, reads ""played one - lost one""?"
sfq_22127	In which decade of the 17th Century was the new model army created?
dpql_231	Which serialised TV drama had a title that is a Lesbian slang term for oral sex?
wh_2615	In which year did both T-Rex's Marc Bolan and Elvis Presley die ?
dpql_3512	“Instrument for measuring the humidity of air or gas.” A definition of what?
jp_2120	What is the most common phobia in the United States, according to the NIMH?
jp_4009	"Who was the male half of ""Bennifer""?"
odql_11103	Which of the London Livery Companies is first in order of preference?
sfq_20381	Michael Winner was famous as the director of which series of films?
qw_2242	What is the name of the son of Pete Wentz and Ashlee Simpson-Wentz, who was born in November 2008?
qb_9338	What type of creature is a Kokanee?
bb_4368	Aside from English what is the official language of India?
qb_4173	Which late English singer released albums entitled ‘Frank’ and ‘Back to Black’?
qw_6147	Farthings were in use in England as coinage from the 13th century and ceased to be legal tender on 31 December 1960. How many of them were there in a pound (1)?
sfq_2901	What was said to have been guarded by the Fisher King?
wh_203	"For what television series was the theme tune ""I'll be there for you"" ?"
odql_6431	Founded in London in 1844 by George Williams, which organisation was established to provide low cost housing in a safe environment?
sfq_10109	How many balls are used in bar billiards?
qw_2548	"In Texas, what is known as ""Ole Sparky""?"
odql_8942	What name is given to the practice of arranging voting districts to favour one candidate or party above another?
sfq_20732	On which river is Shrewsbury?
odql_10257	Singer Eleonara Fagan was better known by what stage name?
sfq_7403	What type of animal is a saluki?
sfq_8726	What name is given to the bridge design, such as Tower Bridge, with a divided lifting roadway?
sfq_11794	Which is the main river that flows through Munich?
qb_8379	Josiah Tulkinghorn is Sir Lester Dedlock’s lawyer in which novel by Charles Dickens?
wh_2782	"In the story of Jason and the Argonauts, what was the name of the Greek god who rises from the sea and holds the rocks in place in order to let the ship ""The Argo"" to pass ?"
qg_1218	What actor has played James Bond in the most movies?
jp_2149	"What is the common translation for ""Carpe Diem""?"
sfq_15917	Which island nation lost a day in Dec. 2011 by moving the International Date Line to their east?
qw_6477	Which city, since the 14th century BC, has been controlled by Israelites, Judaeans, Babylonians, Persians, Greeks, Hasmoneans, Romans, Byzantines, Arabs, Mamluks, Turks, and the British and for a short time after World War II was occupied by Israel and Jordan?
qb_547	‘The Weeping Woman’ is the work of which artist?
wh_2759	Which type of hat takes its name from an 1894 novel by George Du Maurier where the title character has the surname O'Ferrall ?
tc_2926	What is the name of the large buttock and thigh muscle?
odql_6295	By what name was Australia known before British colonisation?
sfq_18111	Which 1980s TV sitcom starred Keith Barron and Gwen Taylor as a couple on holiday with friends in Spain?
bb_6957	Lent (Latin Quadragesima) is traditionally a Christian religious fast of how many days?
qz_644	What is the second most common word in written English?
qz_347	Thomas Edison, who invented the lightbulb, was afraid of the dark?
odql_5900	Name the palace and monastery , situated some 25 miles north of Madrid, founded by King Phillip II of Spain?
bt_2595	What is the name given to the triangular savoury Indian pasties filled with meat or vegetables and seasoned with herbs and spices
jp_3476	What country won 3 of the 5 Olympic gold medals awarded in baseball?
sfq_2746	LOT is the national airline of which country?
dpql_6289	Which female politician and aristocrat said ‘I married beneath me, all women do’?
jp_2261	Which country was once led by F.W. de Klerk?
qz_726	Who provided the voice for Bob The Builder on his number one hit Can We Fix It?
odql_599	How many champagne bottles are there in a Methuselah?
jp_1310	What major American city has an average elevation of 2 feet below sea level?
wh_3456	What was the name of the African, American civil rights activist dubbed ‘ The first lady of civil rights ‘ who on December 1st 1955 refused to obey bus driver James Blake’s order that she gave up her seat in the coloured section of the bus to a white passenger because the white section was full ?
qb_1050	Cobweb is a fairy in which Shakespeare play?
sfq_2358	In the acronym DEFRA, for what does the A stand?
wh_2493	What type of beverage does a barista prepare and serve ?
bb_9204	What type of creature is a copperhead?
tc_2861	What is the generic word for plants that grow in water or water-logged conditions?
qg_1914	Responsible for such novels as Burmese Days, Keep the Aspidistra Flying, and Coming Up for Air, British author Eric Blair was popularly known as whom?
odql_15048	Which city is the capital of the Spanish region of Aragon?
sfq_25891	The office of the President of which South American country is La Casa Rosada (The Pink House)?
odql_11166	Which company produces the video game console 'Xbox 360'?
qw_14947	What is the name of the hand signalling system used by bookmakers to convey horses' odds?
wh_2691	Which Disney character is brought to life by the Blue Fairy ?
tc_1485	Where did Jonathan Edwards set his 1995 triple jump world record?
qb_1688	Which Italian fashion designer launched the first virtual online museum in December 2011?
qf_76	What was the Troggs most famous hit?
qw_12302	Which 1944 musical film, directed by Vincente Minnelli, starred Judy Garland, Mary Astor, Leon Ames, Marjorie Main and Margaret O'Brien who were going to the Louisianna Purchase Exposition of 1904?
qw_14795	The Indus River flows the length of Pakistan and is Pakistan's main source of water for industry and drinking; where does it rise?
qb_3003	In the human body, what is stored in adipose tissue?
qw_7793	What is the literal translation of the name Las Vegas?
bb_6443	Who wrote/directed the movies The Hateful Eight and Inglourious Basterds?
qb_7411	In which year did the Boeing 747 make its maiden flight?
sfq_11635	Prior to 1925, how was Oslo known?
qz_2217	Who wrote the Bourne trilogy of books, made into movies starring Matt Damon?
bb_1614	The most northerly point of mainland Europe is in which country?
qb_4695	In November 1975 Juan Carlos was declared King of which European country?
qz_2784	What was the surname of the butler played by Gordon Jackson in Upstairs Downstairs?
odql_8447	Give an example of an 'ordinal number'?
sfq_22477	How old were Jimmi Hendrix, Janis Joplin and Jim Morrison when they died?
bb_8521	What is the Greek and Turkish delicacy of spiced rice and meat wrapped in vine leaves?
tc_1069	In which American state is the Isabella Stewart Gardner Museum?
dpql_2139	Which “Thom” is Radiohead’s lead singer and principal songwriter?
tc_827	Who was the first US-born winner of golf's British Open?
sfq_20740	Who won the World Professional Snooker Championship six times in the 1970s?
sfq_4762	"Which writer is considered to have been the first to use the term ""cold war"" in articles in 1945 and 1946?"
odql_2466	What was the parliamentary constituency of Tony Blair when he was leader of the Labour Party?
sfq_8949	What is the surname of the father and son who rode Grand National winners, L'Escargot in 1975 and Bobbyjo in 1999?
sfq_4143	Who was the author of 'The Shortest Way with Dissenters' and `A Journey of the Plague Year'?
wh_119	Director of Home Alone and the first two Harry Potter films and a 15th/16th century Genoese explorer.
dpql_1280	In the year 1800, who was King of Great Britain and King of Ireland?
wh_794	Which European country switched to driving on the right in 1967?
sfq_13873	To whom was the actress Carole Lombard married at the time of her death?
dpql_3635	The bumblebee or hog-nosed is the smallest mammal in the world - what is it?
odql_11176	When sending an email you are given the option to 'Add Cc' or 'Add Bcc'. For which word is the 'B' the initial letter?
qf_2473	In which sport did Duncan Goodhew excel?
sfq_342	How did Alice get into Wonderland?
sfq_7880	In which country can you find Westmorland in Cornwall and Manchester in Middlesex?
sfq_13345	What was the name of the Russian Space Station, launched in 1986?
bt_97	What is the correct name for a punt pole
qb_241	Keflavik is the main international airport of which country?
bb_2256	What is the Christian service or ceremony, named from Greek meaning grateful, commemorating the Last Supper?
tb_882	In the Norrmalmstorg bank robbery in 1973, employees were held hostage for a few days and became emotionally attached to their captors, and even defended them after they were freed from their six-day ordeal. In which city did this incident take place?
bt_1568	In which town or city were most of the Bowie knives made
qw_722	If you divide a prime number by 4, the answer must result in ?
tb_634	What food staple is the focus of a 1980 documentary ___ Is as Good as Ten Mothers that was filmed primarily in Gilroy, California?
qb_3580	On a standard dartboard, which number lies between 4 and 6?
dpql_4156	What surname connects equestrians Michael, Ellen, William, Robert and John?
sfq_17955	Which female country and Western singer died in a plane crash in Tennessee in 1963?
sfq_5249	Which pernicious elements of war were said to be uncontrollable and inhumane by the UN?
qw_66	What is the name of the international cricket ground in Brisbane, Australia?
qw_6219	What paraffin-derived clear, transparent liquid developed in 1924 by W. J. Stoddard and Lloyd E. Jackson began to be used by dry cleaners in 1928 and has become a common organic solvent used in painting and decorating?
dpql_2497	In Shakespeare’s play what is the name of Hamlet’s mother?
jp_1696	What group of people drove a 1959 Chevrolet hearse with license plate ECTO-1?
bb_2858	The main feature of the human illness diabetes is the body's inability to produce what hormone?
sfq_13239	"From which musical film does the song ""Wooden Heart"" come?"
bt_2705	What is the offspring of a donkey and a horse called
tb_221	What is the name given to a sculpted female figure serving as an architectural support taking the place of a column or a pillar?
qw_13383	When did the Goa'uld first appear in the US/Canada TV series Stargate SG-1?
qw_10354	Since 1951, what is the maximum number of full consecutive terms to be filled by one US president?
qw_6209	In Greek mythology, who were the band of heroes who accompanied Jason to Colchis in his quest to find the Golden Fleece?
qb_2020	Selenology is the scientific study of which celestial body?
qz_5796	The Red Setter is more properly known by which name?
qf_1615	What criminal offence took place in Cheddington, Buckinghamshire in August (8th) 1963?
odql_14537	What politically incorrect phrase was used to describe boxer Jess Willard when he fought Jack Johnson in 1915?
sfq_2925	What kind of animal is a 'Suffolk Punch'?
jp_1299	What type of rock is formed from lava?
bb_7188	Tallinn is the capital of which country?
qb_8036	Artiodactyla Suidae is the scientific name for which farm animal?
qw_12124	"Which car company, in 1986, comissioned ""Cars"", a series of artworks to track the evolution of its designs, from Andy Warhol?"
bb_1870	The Inca people lived in which continent before conquest by the Spanish?
qg_726	What American industrialist is credited as the father of the modern assembly line?
bb_7364	Who won the 2007 Nobel Peace Prize for his environmental work including the controversial film An Inconvenient Truth?
odql_10869	In which English town or city is Her Majesty's Prison Foston Hall?
odql_2420	Which South American city is served by Simon Bolivar (Maiguetia) airport?
bt_1356	Which playing card is called the curse of Scotland
odql_7061	Which American actor was born Spangler Arlington Brough?
odql_6714	Which group topped the UK charts for one week in 1997 with 'D'You Know What I Mean'?
odql_13588	Which Italian artist painted 'The School of Athens'?
qb_7790	Late English criminal Bruce Reynolds masterminded which infamous robbery, which he later referred to as his ‘Sistine Chapel ceiling’
sfq_20324	After he left Barcelona, football manager Pep Guardiola went on to manage which European club in 2013?
bb_1220	The Qur'an (or Quran, Kuran, Koran, Coran or al-Qur'an - literally 'the recitation') is the religious text of which religion?
odql_981	Which famous British actor is/was married to Anouk Aimee?
sfq_18275	Who was the Defence Lawyer in the Leopold and Loeb murder trial of 1924?
dpql_4975	Lloret de Mar lies on which Spanish costa?
sfq_11360	What is the capital of the French region of Burgundy?
sfq_9549	Which UK international airport has the code PIK?
sfq_7152	In GB Shaw's Major Barbara in which army was Barbara a major?
qf_3390	Named after a town in Lincolnshire, what is a more common name for bath metal?
qg_1241	Approximately what percentage of an incandescent light bulb's energy is wasted as heat?
qw_4953	Canberra is the capital of which country?
sfq_11799	Deborah Cavendish, Dowager Duchess of Devonshire is the last survivor of which family of siblings?
odql_11810	'Original Pirate Material' was the 2002 debut album of which UK act?
qw_6622	What is the only country in the southern hemisphere to have won a gold medal in the Winter Olympics?
qg_2643	What became the last city on earth to experience the horror of a nuclear bomb when the B-29 Bockscar devastated what Japanese city on August 9, 1945?
qb_203	Cristina Fernandez de Kirchner became President of which South American country in December 2007?
sfq_13799	The armistice to end World War I was signed in November 1918 in a railway carriage in which French town?
sfq_24548	The orrery, invented in 1710 by George Graham was in use for several centuries despite its inaccuracies in size and distance. What is it a model of?
qw_1587	Which US TV series is set in the Princeton-Plainsboro Teaching Hospital?
jp_2293	Kriss Kross will make you what?
sfq_19566	Who in the Old Testament is the father of King David?
qb_9283	What type of dance shoe has a specially hardened sole or attached metal plates?
sfq_5760	In 2009, who became the first woman to have sailed solo and non-stop, both ways around the world in her boat 'Aviva'?
sfq_14598	In Kipling's 'The Jungle Book' what kind of creature is Hathi?
sfq_24884	The Getz and the Elantra are car-models made by which manufacturer?
bb_2863	From the root Greek words 'against' and 'protection', what medical term refers to a serious human allergic reaction?
qw_16177	James A Michener wrote the stories upon which musical was based?
bb_5043	The 2014 'Bendgate' controversy/publicity concerned version 6 of which famous product?
qf_2678	In which 1984 film did Tom Hanks fall in love with a mermaid?
qw_3904	"Which Scottish singer had hits with ""Maggie Mae"", ""Tonight's The Night"" and ""Do You Think I'm Sexy"", and has then turned to singing older standards?"
odql_4883	'Signal Failures' written by Dr. B. Ching is the title of a column that has appeared in which magazine?
odql_7587	Which author died in a car crash in 1960, three years after receiving the Nobel Prize for Literature?
bb_8443	Which actress singer who charted with Santa Baby and starred as Catwoman died on Christmas day 2008?
sfq_22823	Who invented the telescope in 1608?
odql_11942	In internet domain names what country is represented by the domain code '.se'?
odql_14815	Who invented the first practical camera in 1839?
sfq_9239	In which country is the Deccan Plateau?
odql_5844	Pd is the chemical symbol for which element?
odql_8959	Until the introduction of the Euro, what is the unit of currency in Austria?
qb_10186	How many definite suicides occur in the plays of William Shakespeare?
qw_4878	What name was given to a series of thirty evening radio speeches given by US President Franklin D. Roosevelt in 1933 and 1944?
sfq_12324	Who discovered the planet Uranus?
sfq_23110	Which racehorse, unbeaten in 14 races, won an unprecedented 9 consecutive Group One races including the 2,000 Guineas in 2011 and is the highest ever rated by Timeform?
qf_1634	Who played their final live gig at Candlestick Park, San Francisco in 1966?
qw_9282	The Jurassic period is known for the appearance on earth of what?
odql_14539	The largest region in New Zealand is Canterbury. Which city is the seat of government?
wh_1278	Although not the state capital, which is the largest city in the U.S. state of Nebraska ?
qb_4911	What is the name of the fictional school in the UK television series ‘Please Sir’?
jp_631	What is the tallest kind of tree?
bb_8203	What royal house has ruled Monaco since the Middle Ages?
dpql_3032	Who is widely credited with introducing his former wife Whitney Houston to drugs?
qf_847	Who wrote 'The Owl and the Pussycat'?
sfq_8956	Which disease of the central nervous system is named after the Englishman who wrote 'An Essay on the Shaking Palsy'?
qw_299	The highest mountain in North America is part of which mountain range?
sfq_22883	What was the first name of the father of Isambard Kingdom Brunel, a French engineer who moved to England and constructed the Thames Tunnel?
qf_1758	Who was the first presenter of 'Top of the Pops'?
sfq_24964	In which UK County is Lydd Airport?
sfq_6340	The stone Lapis Lazuli is used to make which shade of blue pigment for artists?
bb_7262	What animal is Snowball in George Orwell's book Animal Farm?
qw_2530	"Which 19th century English writer wrote ""Swallows and Amazons"", ""Peter Duck"" and ""Secret Water""?"
jp_1393	What video game, created by Notch, is the best-selling PC game of all-time?
qb_5398	What does the title of the play ‘Die Rauber’, by German playwright Friedrich Schiller, translate to in English?
qg_347	What ology is the scientific study of the structure of Earth?
sfq_4015	Which group recorded the albums called 'Raintown', 'Fellow Hoodlums' and 'Homesick'?
bb_7149	Astana is the capital of which country?
qb_2377	Sinology is the study of the language, history and culture of which country?
qw_2920	What is the honour system founded by Napoleon in 1802 that has five classes including Grand Cross and Officer?
odql_4856	Who was the youngest ever Pope?
sfq_13320	In which year did Reference Point win the Derby and Maori Venture win the Grand National?
qf_1650	In 1967, who was the first DJ on Radio 1?
qb_5752	Apart from white, what colour are the other two ‘triangles’ on the BMW logo?
sfq_9481	Name the year: Hirohito dies; The Exxon Valdez runs aground; San Francisco suffers its worst earthquake since 1906.
qg_3338	What Seattle Weekly cartoonist was forced to go into hiding last week after major asshat imam Anwar al-Awlaki issued a fatwa suggesting she be killed for her "Everybody Draw Muhammed Day"?
qz_3040	Who killed Lee harvey Oswald?
sfq_4759	The 'Black Caps' is the nickname for which team in sport?
sfq_2011	"Name the little girl, daughter of the late Christina, who has inherited the vast ""Onassis"" fortune?"
odql_12235	In which US state was singer Bruno Mars born?
qw_859	The 1812 Fire of Moscow, on 14 September 14 1812, broke out after most residents and Russian troops had abandoned the city, and whose troops had entered it?
qw_12518	"Mukhtar Al-Bakri, Sahim Alwan, Faysal Galab, Shafal Mosed, Yaseinn Taher and Yahya Goba were collectively known as the ""Lackawanna Six"" and by what other name?"
bb_5329	Known as the Toison d'Or (French), Goldenen Vlies (Germany), and Toisón de Oro (Spain), the historic European supreme award is The Order of the (What ancient authority symbol?)
bb_6318	'Egoportrait' (a Quebecois word) was added to the 2015 French dictionary, meaning what more popular new English word?
qb_883	Which creature features on the label of a Bacardi rum bottle?
qf_979	Whose beagle buddy is 'Snoopy'?
sfq_26014	The Gulf of Carpentaria is an inlet on the north coast of which country?
qb_4229	Which British fashion designer was commissioned by Stanley Kubrick to design the costumes for the film ‘2001: A Space Odyssey’?
tc_2032	Which home of champagne in France was also where the German High Command surrendered in WWII?
sfq_14677	What German battleship was sunk in November 1944 by Barnes-Wallis' Tallboy bombs, dropped by Lancaster bombers?
sfq_18737	In which US town or city were the 1932 Winter Olympics held?
sfq_10996	From which common English tree are cricket stumps traditionally made?
bb_5659	Which nation boasts the world's longest running TV sports show, Hockey Night, first aired 1952?
jp_4058	What movie featured a cute Mogwai that looked like a Furby?
qb_2922	The mask worn in the 1996 film ‘Scream’ is based on a painting by which artist?
bb_4656	What product 'brand' from the Gamay is traditionally released the third Thursday of November each year?
qb_7813	Which English peer and courtier has been the most popular candidate proposed for the authorship of Shakespeare’s works?
tc_2317	Who was the first American to travel faster than the speed of sound?
sfq_15208	Which Japanese company has bought Horizon Nuclear Power and so has the contract to build nuclear power stations in Britain from 2015?
qz_941	The theme tune to which TV show starts with the line Stick a pony in me pocket?
qb_3581	Who was the last Catholic monarch to reign over England?
sfq_4619	What part of the human body is affected by 'iritis'?
qb_4219	Who was British Prime Minister between Winston Churchill’s two terms in office?
odql_14979	A duodecennial event occurs every how many years?
bb_92	FIDE (Federation Internationale Des Echecs) is the world federation of which activity?
bb_9396	Ireland is known as The 'what' Isle?
qw_8435	What type of building is likely to have a minaret?
qb_2199	Thanatology is the scientific study of what?
bt_1861	Who led the quest for the golden fleece
dpql_3447	In which film does psychopath Annie Wilkes wield a sledgehammer to horrific effect?
qb_9779	Bosworth cheese comes from which English county?
odql_1389	Which hymn, based on Psalm 90, by Isaac Watts to a tune by William Croft, is particularly associated with Rememberance Sunday?
dpql_2238	In which of Shakespeare’s plays does the fool Feste appear?
sfq_5775	In Russia, what is a shapka?
sfq_11478	In the British Army, which commissioned rank is indicated by a crown on each shoulder?
bb_1575	What ancient African nation is (at 2011) the most populated landlocked country of the world?
qw_2021	Who was the first man sent into space, in 1961?
sfq_9684	In Milton's 'Paradise Lost' what is the name of the Capital of Hell?
qg_965	Now a part of Carnival Corporation, what shipping company commissioned and sailed the RMS Titanic?
qb_4726	Michael J Fox travels back to which year in the Wild West in the 1990 film ‘Back To The Future Part III’?
qw_351	When was the sculpture of the four faces on Mount Rushmore begun?
sfq_13987	What is the name of the co-founder of Apple Computers who died in October 2011?
odql_13565	In the church calendar what name is given to the three days before Ascension Day?
sfq_16858	In which country was the inventor of the machine gun Hiram Maxim born?
odql_13485	Which company produces the 'Magentis' car model?
